INSERT INTO employees (birth_date, first_name, last_name,gender,hire_date) 
VALUES ('1953-09-02','George','Fallo','M','1986-06-26'),
('1964-06-02','Zale','Zimmer','F','1984-10-21'),
('1959-12-03','Arto','Ford','M','1984-04-18'),
('1954-05-01','Chris','Rick','M','1983-11-02'),
('1955-01-21','Kya','Siak','F','1989-04-11'),
('1953-04-20','Eve','Reus','F','1984-04-03'),
('1957-05-23','Zana','Zein','F','1985-03-11'),
('1958-02-19','Zak','Klouf','M','1994-11-12'),
('1952-04-19','Maria','Paige','F','1986-03-16'),
('1963-06-01','Jane','Colt','F','1991-03-25'),
('1953-11-07','Mary','Luis','F','1990-01-24'),
('1960-10-04','Pedro','Bridge','M','1994-11-13'),
('1963-06-07','Eder','Otoman','M','1983-11-23'),
('1956-02-12','Bil','Geits','M','1984-03-24'),
('1959-08-19','John','Boom','M','1983-03-06'),
('1961-05-02','Jo','Staletti','M','1996-02-26'),
('1958-07-06','Cristian','Bonuci','F','1993-04-23'),
('1954-06-19','Jenna','Per','F','1984-04-23'),
('1953-01-23','Jan','Cadi','M','1992-04-29'),
('1952-12-24','Mo','Black','M','1991-07-23'),
('1960-02-20','Rick','Jones','M','1985-08-14');

INSERT INTO departments (dept_name) VALUES 
('Marketing'),
('Finance'),
('Human Resources'),
('Security'),
('Development'),
('Quality Management'),
('Sales'),
('Maintenance'),
('Customer Service');

INSERT INTO dept_emp (emp_no, dept_no, from_date, to_date) VALUES
 (1,1,'1986-06-26','2018-05-03'),
(2,2,'1996-08-03','2018-05-03'),
(3,3,'1995-12-03','2018-05-03'),
(4,4,'1986-12-01','2018-05-03'),
(5,5,'1989-09-12','2018-05-03'),
(6,6,'1990-08-05','2018-05-03'),
(7,1,'1989-02-10','2018-05-03'),
(8,2,'1998-03-11','2018-05-03'),
(9,3,'1985-02-18','2018-05-03'),
(10,4,'1996-11-24','2018-05-03');

INSERT INTO dept_manager (emp_no, dept_no, from_date, to_date) VALUES 
 (1,1,'1985-01-01','2018-05-03'),
(2,2,'1985-01-01','2018-05-03'),
(3,3,'1985-01-01','2018-05-03'),
(4,4,'1986-12-01','2018-05-03'),
(5,5,'1985-01-01','2018-05-03'),
(6,6,'1985-01-01','2018-05-03'),
(7,1,'1988-09-09','2018-05-03'),
(8,2,'1998-03-11','2018-05-03'),
(9,3,'1992-08-02','2018-05-03'),
(10,4,'1996-11-24','2018-05-03');

INSERT INTO titles (emp_no, title, from_date, to_date) VALUES
 (1,'Senior Marketing Manager','1986-06-26','2018-05-03'),
(2,'Staff','1996-08-03','2018-05-03'),
(3,'Senior Hr Manager','1995-12-03','2018-05-03'),
(4,'Product Engineer','1986-12-01','2018-05-03'),
(5,'Senior Developer','1995-12-01','2018-05-03'),
(6,'Quality Engineer','1996-09-12','2018-05-03'),
(7,'Key Account','1989-09-12','2018-05-03'),
(8,'Finance Manager','1990-08-05','2018-05-03'),
(9,'Hr Agent','1996-02-11','2018-05-03'),
(10,'Senior Product Manager ','1989-02-10','2018-05-03');

INSERT INTO salaries (emp_no, salary, from_date, to_date) VALUES 
 (1,'70117','1986-06-26','2018-05-03'),
(2,'78102','1987-06-26','2018-05-03'),
(3,'76074','1988-06-25','2018-05-03'),
(4,'76496','1989-06-25','2018-05-03'),
(5,'87961','1990-06-25','2018-05-03'),
(6,'54046','1991-06-25','2018-05-03'),
(7,'78333','1992-06-24','2018-05-03'),
(8,'94286','1993-06-24','2018-05-03'),
(9,'83994','1994-06-24','2018-05-03'),
(10,'84884','1995-06-24','2018-05-03');